brand,make,model_name,model_slug,body_style,year_start,year_end,variant,manual_id,source_url,source_status,relative_md_path,catalog_only
ford,Ford,B-Max,b-max,mpv,2012,2017,mpv/2012-2017,ford/b-max/mpv/2012-2017,https://www.mycarusermanual.com/ford,additional-ford-compatibility-seed-not-directly-listed-on-current-english-page,data/manuals/ford/b-max/mpv/2012-2017/model-overview.md,True
ford,Ford,Bronco,bronco,suv,2021,2026,suv/2021-2026,ford/bronco/suv/2021-2026,https://www.mycarusermanual.com/ford,additional-ford-compatibility-seed-not-directly-listed-on-current-english-page,data/manuals/ford/bronco/suv/2021-2026/model-overview.md,True
ford,Ford,C-Max,c-max,mpv,2003,2010,mpv/2003-2010,ford/c-max/mpv/2003-2010,https://www.mycarusermanual.com/ford,additional-ford-compatibility-seed-not-directly-listed-on-current-english-page,data/manuals/ford/c-max/mpv/2003-2010/model-overview.md,True
ford,Ford,C-Max,c-max,mpv,2010,2019,mpv/2010-2019,ford/c-max/mpv/2010-2019,https://www.mycarusermanual.com/ford,additional-ford-compatibility-seed-not-directly-listed-on-current-english-page,data/manuals/ford/c-max/mpv/2010-2019/model-overview.md,True
ford,Ford,Capri,capri,2-door,1969,1986,2-door/1969-1986,ford/capri/2-door/1969-1986,https://www.mycarusermanual.com/ford,additional-ford-compatibility-seed-not-directly-listed-on-current-english-page,data/manuals/ford/capri/2-door/1969-1986/model-overview.md,True
ford,Ford,Contour,contour,4-door,1995,2000,4-door/1995-2000,ford/contour/4-door/1995-2000,https://www.mycarusermanual.com/ford,additional-ford-compatibility-seed-not-directly-listed-on-current-english-page,data/manuals/ford/contour/4-door/1995-2000/model-overview.md,True
ford,Ford,Crown Victoria,crown-victoria,4-door,1998,2011,4-door/1998-2011,ford/crown-victoria/4-door/1998-2011,https://www.mycarusermanual.com/ford,additional-ford-compatibility-seed-not-directly-listed-on-current-english-page,data/manuals/ford/crown-victoria/4-door/1998-2011/model-overview.md,True
ford,Ford,Ecosport,ecosport,suv,2012,2022,suv/2012-2022,ford/ecosport/suv/2012-2022,https://www.mycarusermanual.com/ford/ecosport,directly-listed-on-current-english-brand-page,data/manuals/ford/ecosport/suv/2012-2022/model-overview.md,True
ford,Ford,Edge,edge,suv,2007,2014,suv/2007-2014,ford/edge/suv/2007-2014,https://www.mycarusermanual.com/ford,additional-ford-compatibility-seed-not-directly-listed-on-current-english-page,data/manuals/ford/edge/suv/2007-2014/model-overview.md,True
ford,Ford,Edge,edge,suv,2015,2024,suv/2015-2024,ford/edge/suv/2015-2024,https://www.mycarusermanual.com/ford,additional-ford-compatibility-seed-not-directly-listed-on-current-english-page,data/manuals/ford/edge/suv/2015-2024/model-overview.md,True
ford,Ford,Escape,escape,suv,2001,2007,suv/2001-2007,ford/escape/suv/2001-2007,https://www.mycarusermanual.com/ford,additional-ford-compatibility-seed-not-directly-listed-on-current-english-page,data/manuals/ford/escape/suv/2001-2007/model-overview.md,True
ford,Ford,Escape,escape,suv,2008,2012,suv/2008-2012,ford/escape/suv/2008-2012,https://www.mycarusermanual.com/ford,additional-ford-compatibility-seed-not-directly-listed-on-current-english-page,data/manuals/ford/escape/suv/2008-2012/model-overview.md,True
ford,Ford,Escape,escape,suv,2013,2019,suv/2013-2019,ford/escape/suv/2013-2019,https://www.mycarusermanual.com/ford,additional-ford-compatibility-seed-not-directly-listed-on-current-english-page,data/manuals/ford/escape/suv/2013-2019/model-overview.md,True
ford,Ford,Escape,escape,suv,2020,2026,suv/2020-2026,ford/escape/suv/2020-2026,https://www.mycarusermanual.com/ford,additional-ford-compatibility-seed-not-directly-listed-on-current-english-page,data/manuals/ford/escape/suv/2020-2026/model-overview.md,True
ford,Ford,Escort,escort,4-door,1990,2002,4-door/1990-2002,ford/escort/4-door/1990-2002,https://www.mycarusermanual.com/ford,additional-ford-compatibility-seed-not-directly-listed-on-current-english-page,data/manuals/ford/escort/4-door/1990-2002/model-overview.md,True
ford,Ford,Everest,everest,suv,2003,2015,suv/2003-2015,ford/everest/suv/2003-2015,https://www.mycarusermanual.com/ford,additional-ford-compatibility-seed-not-directly-listed-on-current-english-page,data/manuals/ford/everest/suv/2003-2015/model-overview.md,True
ford,Ford,Everest,everest,suv,2015,2022,suv/2015-2022,ford/everest/suv/2015-2022,https://www.mycarusermanual.com/ford,additional-ford-compatibility-seed-not-directly-listed-on-current-english-page,data/manuals/ford/everest/suv/2015-2022/model-overview.md,True
ford,Ford,Everest,everest,suv,2022,2026,suv/2022-2026,ford/everest/suv/2022-2026,https://www.mycarusermanual.com/ford,additional-ford-compatibility-seed-not-directly-listed-on-current-english-page,data/manuals/ford/everest/suv/2022-2026/model-overview.md,True
ford,Ford,Expedition,expedition,suv,2003,2006,suv/2003-2006,ford/expedition/suv/2003-2006,https://www.mycarusermanual.com/ford,additional-ford-compatibility-seed-not-directly-listed-on-current-english-page,data/manuals/ford/expedition/suv/2003-2006/model-overview.md,True
ford,Ford,Expedition,expedition,suv,2007,2017,suv/2007-2017,ford/expedition/suv/2007-2017,https://www.mycarusermanual.com/ford,additional-ford-compatibility-seed-not-directly-listed-on-current-english-page,data/manuals/ford/expedition/suv/2007-2017/model-overview.md,True
ford,Ford,Expedition,expedition,suv,2018,2026,suv/2018-2026,ford/expedition/suv/2018-2026,https://www.mycarusermanual.com/ford,additional-ford-compatibility-seed-not-directly-listed-on-current-english-page,data/manuals/ford/expedition/suv/2018-2026/model-overview.md,True
ford,Ford,Explorer,explorer,suv,2002,2005,suv/2002-2005,ford/explorer/suv/2002-2005,https://www.mycarusermanual.com/ford/explorer,directly-listed-on-current-english-brand-page,data/manuals/ford/explorer/suv/2002-2005/model-overview.md,True
ford,Ford,Explorer,explorer,suv,2006,2010,suv/2006-2010,ford/explorer/suv/2006-2010,https://www.mycarusermanual.com/ford/explorer,directly-listed-on-current-english-brand-page,data/manuals/ford/explorer/suv/2006-2010/model-overview.md,True
ford,Ford,Explorer,explorer,suv,2011,2019,suv/2011-2019,ford/explorer/suv/2011-2019,https://www.mycarusermanual.com/ford/explorer,directly-listed-on-current-english-brand-page,data/manuals/ford/explorer/suv/2011-2019/model-overview.md,True
ford,Ford,Explorer,explorer,suv,2020,2026,suv/2020-2026,ford/explorer/suv/2020-2026,https://www.mycarusermanual.com/ford/explorer,directly-listed-on-current-english-brand-page,data/manuals/ford/explorer/suv/2020-2026/model-overview.md,True
ford,Ford,F 150,f-150,pickup,2004,2008,pickup/2004-2008,ford/f-150/pickup/2004-2008,https://www.mycarusermanual.com/ford/f-150,directly-listed-on-current-english-brand-page,data/manuals/ford/f-150/pickup/2004-2008/model-overview.md,True
ford,Ford,F 150,f-150,pickup,2009,2014,pickup/2009-2014,ford/f-150/pickup/2009-2014,https://www.mycarusermanual.com/ford/f-150,directly-listed-on-current-english-brand-page,data/manuals/ford/f-150/pickup/2009-2014/model-overview.md,True
ford,Ford,F 150,f-150,pickup,2015,2020,pickup/2015-2020,ford/f-150/pickup/2015-2020,https://www.mycarusermanual.com/ford/f-150,directly-listed-on-current-english-brand-page,data/manuals/ford/f-150/pickup/2015-2020/model-overview.md,True
ford,Ford,F 150,f-150,pickup,2021,2026,pickup/2021-2026,ford/f-150/pickup/2021-2026,https://www.mycarusermanual.com/ford/f-150,directly-listed-on-current-english-brand-page,data/manuals/ford/f-150/pickup/2021-2026/model-overview.md,True
ford,Ford,Fiesta,fiesta,4-door,2002,2008,4-door/2002-2008,ford/fiesta/4-door/2002-2008,https://www.mycarusermanual.com/ford/fiesta,directly-listed-on-current-english-brand-page,data/manuals/ford/fiesta/4-door/2002-2008/model-overview.md,True
ford,Ford,Fiesta,fiesta,4-door,2008,2017,4-door/2008-2017,ford/fiesta/4-door/2008-2017,https://www.mycarusermanual.com/ford/fiesta,directly-listed-on-current-english-brand-page,data/manuals/ford/fiesta/4-door/2008-2017/model-overview.md,True
ford,Ford,Fiesta,fiesta,4-door,2017,2023,4-door/2017-2023,ford/fiesta/4-door/2017-2023,https://www.mycarusermanual.com/ford/fiesta,directly-listed-on-current-english-brand-page,data/manuals/ford/fiesta/4-door/2017-2023/model-overview.md,True
ford,Ford,Flex,flex,suv,2009,2019,suv/2009-2019,ford/flex/suv/2009-2019,https://www.mycarusermanual.com/ford,additional-ford-compatibility-seed-not-directly-listed-on-current-english-page,data/manuals/ford/flex/suv/2009-2019/model-overview.md,True
ford,Ford,Focus,focus,4-door,2004,2010,4-door/2004-2010,ford/focus/4-door/2004-2010,https://www.mycarusermanual.com/ford/focus,directly-listed-on-current-english-brand-page,data/manuals/ford/focus/4-door/2004-2010/model-overview.md,True
ford,Ford,Focus,focus,4-door,2010,2017,4-door/2010-2017,ford/focus/4-door/2010-2017,https://www.mycarusermanual.com/ford/focus,directly-listed-on-current-english-brand-page,data/manuals/ford/focus/4-door/2010-2017/model-overview.md,True
ford,Ford,Focus,focus,4-door,2018,2025,4-door/2018-2025,ford/focus/4-door/2018-2025,https://www.mycarusermanual.com/ford/focus,directly-listed-on-current-english-brand-page,data/manuals/ford/focus/4-door/2018-2025/model-overview.md,True
ford,Ford,Freestyle,freestyle,suv,2005,2007,suv/2005-2007,ford/freestyle/suv/2005-2007,https://www.mycarusermanual.com/ford,additional-ford-compatibility-seed-not-directly-listed-on-current-english-page,data/manuals/ford/freestyle/suv/2005-2007/model-overview.md,True
ford,Ford,Fusion,fusion,4-door,2002,2012,4-door/2002-2012,ford/fusion/4-door/2002-2012,https://www.mycarusermanual.com/ford/fusion,directly-listed-on-current-english-brand-page,data/manuals/ford/fusion/4-door/2002-2012/model-overview.md,True
ford,Ford,GT,gt,2-door,2005,2006,2-door/2005-2006,ford/gt/2-door/2005-2006,https://www.mycarusermanual.com/ford,additional-ford-compatibility-seed-not-directly-listed-on-current-english-page,data/manuals/ford/gt/2-door/2005-2006/model-overview.md,True
ford,Ford,GT,gt,2-door,2017,2022,2-door/2017-2022,ford/gt/2-door/2017-2022,https://www.mycarusermanual.com/ford,additional-ford-compatibility-seed-not-directly-listed-on-current-english-page,data/manuals/ford/gt/2-door/2017-2022/model-overview.md,True
ford,Ford,Galaxy,galaxy,mpv,1995,2006,mpv/1995-2006,ford/galaxy/mpv/1995-2006,https://www.mycarusermanual.com/ford/galaxy,directly-listed-on-current-english-brand-page,data/manuals/ford/galaxy/mpv/1995-2006/model-overview.md,True
ford,Ford,Galaxy,galaxy,mpv,2006,2015,mpv/2006-2015,ford/galaxy/mpv/2006-2015,https://www.mycarusermanual.com/ford/galaxy,directly-listed-on-current-english-brand-page,data/manuals/ford/galaxy/mpv/2006-2015/model-overview.md,True
ford,Ford,Galaxy,galaxy,mpv,2015,2023,mpv/2015-2023,ford/galaxy/mpv/2015-2023,https://www.mycarusermanual.com/ford/galaxy,directly-listed-on-current-english-brand-page,data/manuals/ford/galaxy/mpv/2015-2023/model-overview.md,True
ford,Ford,Granada,granada,4-door,1972,1994,4-door/1972-1994,ford/granada/4-door/1972-1994,https://www.mycarusermanual.com/ford,additional-ford-compatibility-seed-not-directly-listed-on-current-english-page,data/manuals/ford/granada/4-door/1972-1994/model-overview.md,True
ford,Ford,Ka,ka,3-door,1996,2008,3-door/1996-2008,ford/ka/3-door/1996-2008,https://www.mycarusermanual.com/ford/ka,directly-listed-on-current-english-brand-page,data/manuals/ford/ka/3-door/1996-2008/model-overview.md,True
ford,Ford,Ka,ka,3-door,2008,2016,3-door/2008-2016,ford/ka/3-door/2008-2016,https://www.mycarusermanual.com/ford/ka,directly-listed-on-current-english-brand-page,data/manuals/ford/ka/3-door/2008-2016/model-overview.md,True
ford,Ford,Kuga,kuga,suv,2008,2012,suv/2008-2012,ford/kuga/suv/2008-2012,https://www.mycarusermanual.com/ford/kuga,directly-listed-on-current-english-brand-page,data/manuals/ford/kuga/suv/2008-2012/model-overview.md,True
ford,Ford,Kuga,kuga,suv,2013,2019,suv/2013-2019,ford/kuga/suv/2013-2019,https://www.mycarusermanual.com/ford/kuga,directly-listed-on-current-english-brand-page,data/manuals/ford/kuga/suv/2013-2019/model-overview.md,True
ford,Ford,Kuga,kuga,suv,2020,2026,suv/2020-2026,ford/kuga/suv/2020-2026,https://www.mycarusermanual.com/ford/kuga,directly-listed-on-current-english-brand-page,data/manuals/ford/kuga/suv/2020-2026/model-overview.md,True
ford,Ford,Maverick,maverick,pickup,2022,2026,pickup/2022-2026,ford/maverick/pickup/2022-2026,https://www.mycarusermanual.com/ford,additional-ford-compatibility-seed-not-directly-listed-on-current-english-page,data/manuals/ford/maverick/pickup/2022-2026/model-overview.md,True
ford,Ford,Mondeo,mondeo,4-door,2000,2007,4-door/2000-2007,ford/mondeo/4-door/2000-2007,https://www.mycarusermanual.com/ford,additional-ford-compatibility-seed-not-directly-listed-on-current-english-page,data/manuals/ford/mondeo/4-door/2000-2007/model-overview.md,True
ford,Ford,Mondeo,mondeo,4-door,2007,2014,4-door/2007-2014,ford/mondeo/4-door/2007-2014,https://www.mycarusermanual.com/ford,additional-ford-compatibility-seed-not-directly-listed-on-current-english-page,data/manuals/ford/mondeo/4-door/2007-2014/model-overview.md,True
ford,Ford,Mondeo,mondeo,4-door,2014,2022,4-door/2014-2022,ford/mondeo/4-door/2014-2022,https://www.mycarusermanual.com/ford,additional-ford-compatibility-seed-not-directly-listed-on-current-english-page,data/manuals/ford/mondeo/4-door/2014-2022/model-overview.md,True
ford,Ford,Mustang,mustang,2-door,2005,2014,2-door/2005-2014,ford/mustang/2-door/2005-2014,https://www.mycarusermanual.de/de/ford,mentioned-on-localized-ford-page-compatibility-seed,data/manuals/ford/mustang/2-door/2005-2014/model-overview.md,True
ford,Ford,Mustang,mustang,2-door,2015,2023,2-door/2015-2023,ford/mustang/2-door/2015-2023,https://www.mycarusermanual.de/de/ford,mentioned-on-localized-ford-page-compatibility-seed,data/manuals/ford/mustang/2-door/2015-2023/model-overview.md,True
ford,Ford,Mustang,mustang,2-door,2024,2026,2-door/2024-2026,ford/mustang/2-door/2024-2026,https://www.mycarusermanual.de/de/ford,mentioned-on-localized-ford-page-compatibility-seed,data/manuals/ford/mustang/2-door/2024-2026/model-overview.md,True
ford,Ford,Probe,probe,2-door,1989,1997,2-door/1989-1997,ford/probe/2-door/1989-1997,https://www.mycarusermanual.com/ford,additional-ford-compatibility-seed-not-directly-listed-on-current-english-page,data/manuals/ford/probe/2-door/1989-1997/model-overview.md,True
ford,Ford,Puma,puma,suv,1997,2002,suv/1997-2002,ford/puma/suv/1997-2002,https://www.mycarusermanual.com/ford/puma,directly-listed-on-current-english-brand-page,data/manuals/ford/puma/suv/1997-2002/model-overview.md,True
ford,Ford,Puma,puma,suv,2019,2026,suv/2019-2026,ford/puma/suv/2019-2026,https://www.mycarusermanual.com/ford/puma,directly-listed-on-current-english-brand-page,data/manuals/ford/puma/suv/2019-2026/model-overview.md,True
ford,Ford,Ranger,ranger,pickup,2006,2011,pickup/2006-2011,ford/ranger/pickup/2006-2011,https://www.mycarusermanual.de/de/ford,mentioned-on-localized-ford-page-compatibility-seed,data/manuals/ford/ranger/pickup/2006-2011/model-overview.md,True
ford,Ford,Ranger,ranger,pickup,2012,2022,pickup/2012-2022,ford/ranger/pickup/2012-2022,https://www.mycarusermanual.de/de/ford,mentioned-on-localized-ford-page-compatibility-seed,data/manuals/ford/ranger/pickup/2012-2022/model-overview.md,True
ford,Ford,Ranger,ranger,pickup,2023,2026,pickup/2023-2026,ford/ranger/pickup/2023-2026,https://www.mycarusermanual.de/de/ford,mentioned-on-localized-ford-page-compatibility-seed,data/manuals/ford/ranger/pickup/2023-2026/model-overview.md,True
ford,Ford,S-Max,s-max,mpv,2006,2015,mpv/2006-2015,ford/s-max/mpv/2006-2015,https://www.mycarusermanual.com/ford,additional-ford-compatibility-seed-not-directly-listed-on-current-english-page,data/manuals/ford/s-max/mpv/2006-2015/model-overview.md,True
ford,Ford,S-Max,s-max,mpv,2015,2023,mpv/2015-2023,ford/s-max/mpv/2015-2023,https://www.mycarusermanual.com/ford,additional-ford-compatibility-seed-not-directly-listed-on-current-english-page,data/manuals/ford/s-max/mpv/2015-2023/model-overview.md,True
ford,Ford,Sierra,sierra,4-door,1982,1993,4-door/1982-1993,ford/sierra/4-door/1982-1993,https://www.mycarusermanual.com/ford,additional-ford-compatibility-seed-not-directly-listed-on-current-english-page,data/manuals/ford/sierra/4-door/1982-1993/model-overview.md,True
ford,Ford,Taurus,taurus,4-door,2000,2007,4-door/2000-2007,ford/taurus/4-door/2000-2007,https://www.mycarusermanual.com/ford,additional-ford-compatibility-seed-not-directly-listed-on-current-english-page,data/manuals/ford/taurus/4-door/2000-2007/model-overview.md,True
ford,Ford,Taurus,taurus,4-door,2008,2009,4-door/2008-2009,ford/taurus/4-door/2008-2009,https://www.mycarusermanual.com/ford,additional-ford-compatibility-seed-not-directly-listed-on-current-english-page,data/manuals/ford/taurus/4-door/2008-2009/model-overview.md,True
ford,Ford,Taurus,taurus,4-door,2010,2019,4-door/2010-2019,ford/taurus/4-door/2010-2019,https://www.mycarusermanual.com/ford,additional-ford-compatibility-seed-not-directly-listed-on-current-english-page,data/manuals/ford/taurus/4-door/2010-2019/model-overview.md,True
ford,Ford,Territory,territory,suv,2004,2016,suv/2004-2016,ford/territory/suv/2004-2016,https://www.mycarusermanual.com/ford,additional-ford-compatibility-seed-not-directly-listed-on-current-english-page,data/manuals/ford/territory/suv/2004-2016/model-overview.md,True
ford,Ford,Territory,territory,suv,2018,2026,suv/2018-2026,ford/territory/suv/2018-2026,https://www.mycarusermanual.com/ford,additional-ford-compatibility-seed-not-directly-listed-on-current-english-page,data/manuals/ford/territory/suv/2018-2026/model-overview.md,True
ford,Ford,Thunderbird,thunderbird,2-door,2002,2005,2-door/2002-2005,ford/thunderbird/2-door/2002-2005,https://www.mycarusermanual.de/de/ford,mentioned-on-localized-ford-page-compatibility-seed,data/manuals/ford/thunderbird/2-door/2002-2005/model-overview.md,True
ford,Ford,Tourneo Connect,tourneo-connect,mpv,2002,2013,mpv/2002-2013,ford/tourneo-connect/mpv/2002-2013,https://www.mycarusermanual.com/ford,additional-ford-compatibility-seed-not-directly-listed-on-current-english-page,data/manuals/ford/tourneo-connect/mpv/2002-2013/model-overview.md,True
ford,Ford,Tourneo Connect,tourneo-connect,mpv,2013,2022,mpv/2013-2022,ford/tourneo-connect/mpv/2013-2022,https://www.mycarusermanual.com/ford,additional-ford-compatibility-seed-not-directly-listed-on-current-english-page,data/manuals/ford/tourneo-connect/mpv/2013-2022/model-overview.md,True
ford,Ford,Tourneo Connect,tourneo-connect,mpv,2022,2026,mpv/2022-2026,ford/tourneo-connect/mpv/2022-2026,https://www.mycarusermanual.com/ford,additional-ford-compatibility-seed-not-directly-listed-on-current-english-page,data/manuals/ford/tourneo-connect/mpv/2022-2026/model-overview.md,True
ford,Ford,Tourneo Custom,tourneo-custom,mpv,2012,2023,mpv/2012-2023,ford/tourneo-custom/mpv/2012-2023,https://www.mycarusermanual.com/ford,additional-ford-compatibility-seed-not-directly-listed-on-current-english-page,data/manuals/ford/tourneo-custom/mpv/2012-2023/model-overview.md,True
ford,Ford,Tourneo Custom,tourneo-custom,mpv,2023,2026,mpv/2023-2026,ford/tourneo-custom/mpv/2023-2026,https://www.mycarusermanual.com/ford,additional-ford-compatibility-seed-not-directly-listed-on-current-english-page,data/manuals/ford/tourneo-custom/mpv/2023-2026/model-overview.md,True
ford,Ford,Transit,transit,van,2000,2006,van/2000-2006,ford/transit/van/2000-2006,https://www.mycarusermanual.de/de/ford,mentioned-on-localized-ford-page-compatibility-seed,data/manuals/ford/transit/van/2000-2006/model-overview.md,True
ford,Ford,Transit,transit,van,2006,2014,van/2006-2014,ford/transit/van/2006-2014,https://www.mycarusermanual.de/de/ford,mentioned-on-localized-ford-page-compatibility-seed,data/manuals/ford/transit/van/2006-2014/model-overview.md,True
ford,Ford,Transit,transit,van,2014,2026,van/2014-2026,ford/transit/van/2014-2026,https://www.mycarusermanual.de/de/ford,mentioned-on-localized-ford-page-compatibility-seed,data/manuals/ford/transit/van/2014-2026/model-overview.md,True
ford,Ford,Transit Connect,transit-connect,van,2002,2013,van/2002-2013,ford/transit-connect/van/2002-2013,https://www.mycarusermanual.com/ford,additional-ford-compatibility-seed-not-directly-listed-on-current-english-page,data/manuals/ford/transit-connect/van/2002-2013/model-overview.md,True
ford,Ford,Transit Connect,transit-connect,van,2014,2023,van/2014-2023,ford/transit-connect/van/2014-2023,https://www.mycarusermanual.com/ford,additional-ford-compatibility-seed-not-directly-listed-on-current-english-page,data/manuals/ford/transit-connect/van/2014-2023/model-overview.md,True
ford,Ford,Transit Custom,transit-custom,van,2012,2023,van/2012-2023,ford/transit-custom/van/2012-2023,https://www.mycarusermanual.com/ford,additional-ford-compatibility-seed-not-directly-listed-on-current-english-page,data/manuals/ford/transit-custom/van/2012-2023/model-overview.md,True
ford,Ford,Transit Custom,transit-custom,van,2023,2026,van/2023-2026,ford/transit-custom/van/2023-2026,https://www.mycarusermanual.com/ford,additional-ford-compatibility-seed-not-directly-listed-on-current-english-page,data/manuals/ford/transit-custom/van/2023-2026/model-overview.md,True
honda,Honda,Accord,accord,4-door,2003,2007,4-door/2003-2007,honda/accord/4-door/2003-2007,https://www.mycarusermanual.com/honda/accord,directly-listed-on-current-english-brand-page,data/manuals/honda/accord/4-door/2003-2007/model-overview.md,True
honda,Honda,Accord,accord,4-door,2008,2012,4-door/2008-2012,honda/accord/4-door/2008-2012,https://www.mycarusermanual.com/honda/accord,directly-listed-on-current-english-brand-page,data/manuals/honda/accord/4-door/2008-2012/model-overview.md,True
honda,Honda,Accord,accord,4-door,2013,2017,4-door/2013-2017,honda/accord/4-door/2013-2017,https://www.mycarusermanual.com/honda/accord,directly-listed-on-current-english-brand-page,data/manuals/honda/accord/4-door/2013-2017/model-overview.md,True
honda,Honda,Accord,accord,4-door,2018,2022,4-door/2018-2022,honda/accord/4-door/2018-2022,https://www.mycarusermanual.com/honda/accord,directly-listed-on-current-english-brand-page,data/manuals/honda/accord/4-door/2018-2022/model-overview.md,True
honda,Honda,Accord,accord,4-door,2023,2026,4-door/2023-2026,honda/accord/4-door/2023-2026,https://www.mycarusermanual.com/honda/accord,directly-listed-on-current-english-brand-page,data/manuals/honda/accord/4-door/2023-2026/model-overview.md,True
honda,Honda,Civic,civic,4-door,2017,2023,4-door/2017-2023,honda/civic/4-door/2017-2023,https://www.mycarusermanual.com/honda/civic,directly-listed-on-current-english-brand-page,data/manuals/honda/civic/4-door/2017-2023/model-overview.md,True
honda,Honda,Cr-V,cr-v,suv,1995,2000,suv/1995-2000,honda/cr-v/suv/1995-2000,https://www.mycarusermanual.com/honda/cr-v,directly-listed-on-current-english-brand-page,data/manuals/honda/cr-v/suv/1995-2000/model-overview.md,True
honda,Honda,Cr-V,cr-v,suv,2002,2005,suv/2002-2005,honda/cr-v/suv/2002-2005,https://www.mycarusermanual.com/honda/cr-v,directly-listed-on-current-english-brand-page,data/manuals/honda/cr-v/suv/2002-2005/model-overview.md,True
honda,Honda,Cr-V,cr-v,suv,2006,2010,suv/2006-2010,honda/cr-v/suv/2006-2010,https://www.mycarusermanual.com/honda/cr-v,directly-listed-on-current-english-brand-page,data/manuals/honda/cr-v/suv/2006-2010/model-overview.md,True
honda,Honda,Cr-V,cr-v,suv,2012,2016,suv/2012-2016,honda/cr-v/suv/2012-2016,https://www.mycarusermanual.com/honda/cr-v,directly-listed-on-current-english-brand-page,data/manuals/honda/cr-v/suv/2012-2016/model-overview.md,True
honda,Honda,Cr-V,cr-v,suv,2017,2022,suv/2017-2022,honda/cr-v/suv/2017-2022,https://www.mycarusermanual.com/honda/cr-v,directly-listed-on-current-english-brand-page,data/manuals/honda/cr-v/suv/2017-2022/model-overview.md,True
honda,Honda,Cr-V,cr-v,suv,2023,2026,suv/2023-2026,honda/cr-v/suv/2023-2026,https://www.mycarusermanual.com/honda/cr-v,directly-listed-on-current-english-brand-page,data/manuals/honda/cr-v/suv/2023-2026/model-overview.md,True
honda,Honda,Hr-V,hr-v,suv,1999,2006,suv/1999-2006,honda/hr-v/suv/1999-2006,https://www.mycarusermanual.com/honda/hr-v,directly-listed-on-current-english-brand-page,data/manuals/honda/hr-v/suv/1999-2006/model-overview.md,True
honda,Honda,Hr-V,hr-v,suv,2015,2021,suv/2015-2021,honda/hr-v/suv/2015-2021,https://www.mycarusermanual.com/honda/hr-v,directly-listed-on-current-english-brand-page,data/manuals/honda/hr-v/suv/2015-2021/model-overview.md,True
honda,Honda,Hr-V,hr-v,suv,2021,2026,suv/2021-2026,honda/hr-v/suv/2021-2026,https://www.mycarusermanual.com/honda/hr-v,directly-listed-on-current-english-brand-page,data/manuals/honda/hr-v/suv/2021-2026/model-overview.md,True
honda,Honda,Jazz,jazz,4-door,2001,2008,4-door/2001-2008,honda/jazz/4-door/2001-2008,https://www.mycarusermanual.com/honda/jazz,directly-listed-on-current-english-brand-page,data/manuals/honda/jazz/4-door/2001-2008/model-overview.md,True
honda,Honda,Jazz,jazz,4-door,2009,2014,4-door/2009-2014,honda/jazz/4-door/2009-2014,https://www.mycarusermanual.com/honda/jazz,directly-listed-on-current-english-brand-page,data/manuals/honda/jazz/4-door/2009-2014/model-overview.md,True
honda,Honda,Jazz,jazz,4-door,2015,2020,4-door/2015-2020,honda/jazz/4-door/2015-2020,https://www.mycarusermanual.com/honda/jazz,directly-listed-on-current-english-brand-page,data/manuals/honda/jazz/4-door/2015-2020/model-overview.md,True
honda,Honda,Jazz,jazz,4-door,2020,2026,4-door/2020-2026,honda/jazz/4-door/2020-2026,https://www.mycarusermanual.com/honda/jazz,directly-listed-on-current-english-brand-page,data/manuals/honda/jazz/4-door/2020-2026/model-overview.md,True
toyota,Toyota,4 Runner,4-runner,suv,2003,2009,suv/2003-2009,toyota/4-runner/suv/2003-2009,https://www.mycarusermanual.com/toyota/4-runner,directly-listed-on-current-english-brand-page,data/manuals/toyota/4-runner/suv/2003-2009/model-overview.md,True
toyota,Toyota,4 Runner,4-runner,suv,2010,2024,suv/2010-2024,toyota/4-runner/suv/2010-2024,https://www.mycarusermanual.com/toyota/4-runner,directly-listed-on-current-english-brand-page,data/manuals/toyota/4-runner/suv/2010-2024/model-overview.md,True
toyota,Toyota,4 Runner,4-runner,suv,2025,2026,suv/2025-2026,toyota/4-runner/suv/2025-2026,https://www.mycarusermanual.com/toyota/4-runner,directly-listed-on-current-english-brand-page,data/manuals/toyota/4-runner/suv/2025-2026/model-overview.md,True
toyota,Toyota,86,86,2-door,2012,2021,2-door/2012-2021,toyota/86/2-door/2012-2021,https://www.mycarusermanual.com/toyota/86,directly-listed-on-current-english-brand-page,data/manuals/toyota/86/2-door/2012-2021/model-overview.md,True
toyota,Toyota,86,86,2-door,2022,2026,2-door/2022-2026,toyota/86/2-door/2022-2026,https://www.mycarusermanual.com/toyota/86,directly-listed-on-current-english-brand-page,data/manuals/toyota/86/2-door/2022-2026/model-overview.md,True
toyota,Toyota,Alphard,alphard,mpv,2002,2008,mpv/2002-2008,toyota/alphard/mpv/2002-2008,https://www.mycarusermanual.com/toyota/alphard,directly-listed-on-current-english-brand-page,data/manuals/toyota/alphard/mpv/2002-2008/model-overview.md,True
toyota,Toyota,Alphard,alphard,mpv,2008,2015,mpv/2008-2015,toyota/alphard/mpv/2008-2015,https://www.mycarusermanual.com/toyota/alphard,directly-listed-on-current-english-brand-page,data/manuals/toyota/alphard/mpv/2008-2015/model-overview.md,True
toyota,Toyota,Alphard,alphard,mpv,2015,2023,mpv/2015-2023,toyota/alphard/mpv/2015-2023,https://www.mycarusermanual.com/toyota/alphard,directly-listed-on-current-english-brand-page,data/manuals/toyota/alphard/mpv/2015-2023/model-overview.md,True
toyota,Toyota,Alphard,alphard,mpv,2023,2026,mpv/2023-2026,toyota/alphard/mpv/2023-2026,https://www.mycarusermanual.com/toyota/alphard,directly-listed-on-current-english-brand-page,data/manuals/toyota/alphard/mpv/2023-2026/model-overview.md,True
toyota,Toyota,Aurion,aurion,4-door,2006,2011,4-door/2006-2011,toyota/aurion/4-door/2006-2011,https://www.mycarusermanual.com/toyota/aurion,directly-listed-on-current-english-brand-page,data/manuals/toyota/aurion/4-door/2006-2011/model-overview.md,True
toyota,Toyota,Aurion,aurion,4-door,2012,2017,4-door/2012-2017,toyota/aurion/4-door/2012-2017,https://www.mycarusermanual.com/toyota/aurion,directly-listed-on-current-english-brand-page,data/manuals/toyota/aurion/4-door/2012-2017/model-overview.md,True
toyota,Toyota,Auris,auris,4-door,2006,2012,4-door/2006-2012,toyota/auris/4-door/2006-2012,https://www.mycarusermanual.com/toyota/auris,directly-listed-on-current-english-brand-page,data/manuals/toyota/auris/4-door/2006-2012/model-overview.md,True
toyota,Toyota,Auris,auris,4-door,2012,2018,4-door/2012-2018,toyota/auris/4-door/2012-2018,https://www.mycarusermanual.com/toyota/auris,directly-listed-on-current-english-brand-page,data/manuals/toyota/auris/4-door/2012-2018/model-overview.md,True
toyota,Toyota,Avalon,avalon,4-door,2000,2004,4-door/2000-2004,toyota/avalon/4-door/2000-2004,https://www.mycarusermanual.com/toyota/avalon,directly-listed-on-current-english-brand-page,data/manuals/toyota/avalon/4-door/2000-2004/model-overview.md,True
toyota,Toyota,Avalon,avalon,4-door,2005,2012,4-door/2005-2012,toyota/avalon/4-door/2005-2012,https://www.mycarusermanual.com/toyota/avalon,directly-listed-on-current-english-brand-page,data/manuals/toyota/avalon/4-door/2005-2012/model-overview.md,True
toyota,Toyota,Avalon,avalon,4-door,2013,2018,4-door/2013-2018,toyota/avalon/4-door/2013-2018,https://www.mycarusermanual.com/toyota/avalon,directly-listed-on-current-english-brand-page,data/manuals/toyota/avalon/4-door/2013-2018/model-overview.md,True
toyota,Toyota,Avalon,avalon,4-door,2019,2022,4-door/2019-2022,toyota/avalon/4-door/2019-2022,https://www.mycarusermanual.com/toyota/avalon,directly-listed-on-current-english-brand-page,data/manuals/toyota/avalon/4-door/2019-2022/model-overview.md,True
toyota,Toyota,Avanza,avanza,mpv,2003,2011,mpv/2003-2011,toyota/avanza/mpv/2003-2011,https://www.mycarusermanual.com/toyota/avanza,directly-listed-on-current-english-brand-page,data/manuals/toyota/avanza/mpv/2003-2011/model-overview.md,True
toyota,Toyota,Avanza,avanza,mpv,2011,2021,mpv/2011-2021,toyota/avanza/mpv/2011-2021,https://www.mycarusermanual.com/toyota/avanza,directly-listed-on-current-english-brand-page,data/manuals/toyota/avanza/mpv/2011-2021/model-overview.md,True
toyota,Toyota,Avanza,avanza,mpv,2021,2026,mpv/2021-2026,toyota/avanza/mpv/2021-2026,https://www.mycarusermanual.com/toyota/avanza,directly-listed-on-current-english-brand-page,data/manuals/toyota/avanza/mpv/2021-2026/model-overview.md,True
toyota,Toyota,Avensis,avensis,4-door,1997,2003,4-door/1997-2003,toyota/avensis/4-door/1997-2003,https://www.mycarusermanual.com/toyota/avensis,directly-listed-on-current-english-brand-page,data/manuals/toyota/avensis/4-door/1997-2003/model-overview.md,True
toyota,Toyota,Avensis,avensis,4-door,2003,2009,4-door/2003-2009,toyota/avensis/4-door/2003-2009,https://www.mycarusermanual.com/toyota/avensis,directly-listed-on-current-english-brand-page,data/manuals/toyota/avensis/4-door/2003-2009/model-overview.md,True
toyota,Toyota,Avensis,avensis,4-door,2009,2018,4-door/2009-2018,toyota/avensis/4-door/2009-2018,https://www.mycarusermanual.com/toyota/avensis,directly-listed-on-current-english-brand-page,data/manuals/toyota/avensis/4-door/2009-2018/model-overview.md,True
toyota,Toyota,Aygo,aygo,4-door,2005,2014,4-door/2005-2014,toyota/aygo/4-door/2005-2014,https://www.mycarusermanual.com/toyota/aygo,directly-listed-on-current-english-brand-page,data/manuals/toyota/aygo/4-door/2005-2014/model-overview.md,True
toyota,Toyota,Aygo,aygo,4-door,2014,2021,4-door/2014-2021,toyota/aygo/4-door/2014-2021,https://www.mycarusermanual.com/toyota/aygo,directly-listed-on-current-english-brand-page,data/manuals/toyota/aygo/4-door/2014-2021/model-overview.md,True
toyota,Toyota,C-Hr,c-hr,suv,2016,2023,suv/2016-2023,toyota/c-hr/suv/2016-2023,https://www.mycarusermanual.com/toyota/c-hr,directly-listed-on-current-english-brand-page,data/manuals/toyota/c-hr/suv/2016-2023/model-overview.md,True
toyota,Toyota,C-Hr,c-hr,suv,2024,2026,suv/2024-2026,toyota/c-hr/suv/2024-2026,https://www.mycarusermanual.com/toyota/c-hr,directly-listed-on-current-english-brand-page,data/manuals/toyota/c-hr/suv/2024-2026/model-overview.md,True
toyota,Toyota,Caldina,caldina,wagon,1992,1997,wagon/1992-1997,toyota/caldina/wagon/1992-1997,https://www.mycarusermanual.com/toyota/caldina,directly-listed-on-current-english-brand-page,data/manuals/toyota/caldina/wagon/1992-1997/model-overview.md,True
toyota,Toyota,Caldina,caldina,wagon,1997,2002,wagon/1997-2002,toyota/caldina/wagon/1997-2002,https://www.mycarusermanual.com/toyota/caldina,directly-listed-on-current-english-brand-page,data/manuals/toyota/caldina/wagon/1997-2002/model-overview.md,True
toyota,Toyota,Caldina,caldina,wagon,2002,2007,wagon/2002-2007,toyota/caldina/wagon/2002-2007,https://www.mycarusermanual.com/toyota/caldina,directly-listed-on-current-english-brand-page,data/manuals/toyota/caldina/wagon/2002-2007/model-overview.md,True
toyota,Toyota,Camry,camry,4-door,2002,2006,4-door/2002-2006,toyota/camry/4-door/2002-2006,https://www.mycarusermanual.com/toyota/camry,directly-listed-on-current-english-brand-page,data/manuals/toyota/camry/4-door/2002-2006/model-overview.md,True
toyota,Toyota,Camry,camry,4-door,2007,2011,4-door/2007-2011,toyota/camry/4-door/2007-2011,https://www.mycarusermanual.com/toyota/camry,directly-listed-on-current-english-brand-page,data/manuals/toyota/camry/4-door/2007-2011/model-overview.md,True
toyota,Toyota,Camry,camry,4-door,2012,2017,4-door/2012-2017,toyota/camry/4-door/2012-2017,https://www.mycarusermanual.com/toyota/camry,directly-listed-on-current-english-brand-page,data/manuals/toyota/camry/4-door/2012-2017/model-overview.md,True
toyota,Toyota,Camry,camry,4-door,2018,2024,4-door/2018-2024,toyota/camry/4-door/2018-2024,https://www.mycarusermanual.com/toyota/camry,directly-listed-on-current-english-brand-page,data/manuals/toyota/camry/4-door/2018-2024/model-overview.md,True
toyota,Toyota,Camry,camry,4-door,2025,2026,4-door/2025-2026,toyota/camry/4-door/2025-2026,https://www.mycarusermanual.com/toyota/camry,directly-listed-on-current-english-brand-page,data/manuals/toyota/camry/4-door/2025-2026/model-overview.md,True
toyota,Toyota,Celica,celica,2-door,2000,2006,2-door/2000-2006,toyota/celica/2-door/2000-2006,https://www.mycarusermanual.com/toyota/celica,directly-listed-on-current-english-brand-page,data/manuals/toyota/celica/2-door/2000-2006/model-overview.md,True
toyota,Toyota,Corolla,corolla,4-door,2000,2006,4-door/2000-2006,toyota/corolla/4-door/2000-2006,https://www.mycarusermanual.com/toyota/corolla,directly-listed-on-current-english-brand-page,data/manuals/toyota/corolla/4-door/2000-2006/model-overview.md,True
toyota,Toyota,Corolla,corolla,4-door,2007,2012,4-door/2007-2012,toyota/corolla/4-door/2007-2012,https://www.mycarusermanual.com/toyota/corolla,directly-listed-on-current-english-brand-page,data/manuals/toyota/corolla/4-door/2007-2012/model-overview.md,True
toyota,Toyota,Corolla,corolla,4-door,2013,2017,4-door/2013-2017,toyota/corolla/4-door/2013-2017,https://www.mycarusermanual.com/toyota/corolla,directly-listed-on-current-english-brand-page,data/manuals/toyota/corolla/4-door/2013-2017/model-overview.md,True
toyota,Toyota,Corolla,corolla,4-door,2018,2026,4-door/2018-2026,toyota/corolla/4-door/2018-2026,https://www.mycarusermanual.com/toyota/corolla,directly-listed-on-current-english-brand-page,data/manuals/toyota/corolla/4-door/2018-2026/model-overview.md,True
toyota,Toyota,Highlander,highlander,suv,2001,2007,suv/2001-2007,toyota/highlander/suv/2001-2007,https://www.mycarusermanual.com/toyota/highlander,directly-listed-on-current-english-brand-page,data/manuals/toyota/highlander/suv/2001-2007/model-overview.md,True
toyota,Toyota,Highlander,highlander,suv,2008,2013,suv/2008-2013,toyota/highlander/suv/2008-2013,https://www.mycarusermanual.com/toyota/highlander,directly-listed-on-current-english-brand-page,data/manuals/toyota/highlander/suv/2008-2013/model-overview.md,True
toyota,Toyota,Highlander,highlander,suv,2014,2019,suv/2014-2019,toyota/highlander/suv/2014-2019,https://www.mycarusermanual.com/toyota/highlander,directly-listed-on-current-english-brand-page,data/manuals/toyota/highlander/suv/2014-2019/model-overview.md,True
toyota,Toyota,Highlander,highlander,suv,2020,2026,suv/2020-2026,toyota/highlander/suv/2020-2026,https://www.mycarusermanual.com/toyota/highlander,directly-listed-on-current-english-brand-page,data/manuals/toyota/highlander/suv/2020-2026/model-overview.md,True
toyota,Toyota,Hilux,hilux,pickup,2005,2015,pickup/2005-2015,toyota/hilux/pickup/2005-2015,https://www.mycarusermanual.com/toyota/hilux,directly-listed-on-current-english-brand-page,data/manuals/toyota/hilux/pickup/2005-2015/model-overview.md,True
toyota,Toyota,Hilux,hilux,pickup,2015,2026,pickup/2015-2026,toyota/hilux/pickup/2015-2026,https://www.mycarusermanual.com/toyota/hilux,directly-listed-on-current-english-brand-page,data/manuals/toyota/hilux/pickup/2015-2026/model-overview.md,True
toyota,Toyota,Land Cruiser,land-cruiser,suv,1998,2007,suv/1998-2007,toyota/land-cruiser/suv/1998-2007,https://www.mycarusermanual.com/toyota/land-cruiser,directly-listed-on-current-english-brand-page,data/manuals/toyota/land-cruiser/suv/1998-2007/model-overview.md,True
toyota,Toyota,Land Cruiser,land-cruiser,suv,2008,2021,suv/2008-2021,toyota/land-cruiser/suv/2008-2021,https://www.mycarusermanual.com/toyota/land-cruiser,directly-listed-on-current-english-brand-page,data/manuals/toyota/land-cruiser/suv/2008-2021/model-overview.md,True
toyota,Toyota,Land Cruiser,land-cruiser,suv,2022,2026,suv/2022-2026,toyota/land-cruiser/suv/2022-2026,https://www.mycarusermanual.com/toyota/land-cruiser,directly-listed-on-current-english-brand-page,data/manuals/toyota/land-cruiser/suv/2022-2026/model-overview.md,True
toyota,Toyota,Prius,prius,4-door,1997,2003,4-door/1997-2003,toyota/prius/4-door/1997-2003,https://www.mycarusermanual.com/toyota/prius,directly-listed-on-current-english-brand-page,data/manuals/toyota/prius/4-door/1997-2003/model-overview.md,True
toyota,Toyota,Prius,prius,4-door,2004,2009,4-door/2004-2009,toyota/prius/4-door/2004-2009,https://www.mycarusermanual.com/toyota/prius,directly-listed-on-current-english-brand-page,data/manuals/toyota/prius/4-door/2004-2009/model-overview.md,True
toyota,Toyota,Prius,prius,4-door,2010,2015,4-door/2010-2015,toyota/prius/4-door/2010-2015,https://www.mycarusermanual.com/toyota/prius,directly-listed-on-current-english-brand-page,data/manuals/toyota/prius/4-door/2010-2015/model-overview.md,True
toyota,Toyota,Prius,prius,4-door,2016,2022,4-door/2016-2022,toyota/prius/4-door/2016-2022,https://www.mycarusermanual.com/toyota/prius,directly-listed-on-current-english-brand-page,data/manuals/toyota/prius/4-door/2016-2022/model-overview.md,True
toyota,Toyota,Prius,prius,4-door,2023,2026,4-door/2023-2026,toyota/prius/4-door/2023-2026,https://www.mycarusermanual.com/toyota/prius,directly-listed-on-current-english-brand-page,data/manuals/toyota/prius/4-door/2023-2026/model-overview.md,True
toyota,Toyota,Rav4,rav4,suv,2001,2005,suv/2001-2005,toyota/rav4/suv/2001-2005,https://www.mycarusermanual.com/toyota/rav4,directly-listed-on-current-english-brand-page,data/manuals/toyota/rav4/suv/2001-2005/model-overview.md,True
toyota,Toyota,Rav4,rav4,suv,2006,2012,suv/2006-2012,toyota/rav4/suv/2006-2012,https://www.mycarusermanual.com/toyota/rav4,directly-listed-on-current-english-brand-page,data/manuals/toyota/rav4/suv/2006-2012/model-overview.md,True
toyota,Toyota,Rav4,rav4,suv,2013,2018,suv/2013-2018,toyota/rav4/suv/2013-2018,https://www.mycarusermanual.com/toyota/rav4,directly-listed-on-current-english-brand-page,data/manuals/toyota/rav4/suv/2013-2018/model-overview.md,True
toyota,Toyota,Rav4,rav4,suv,2019,2026,suv/2019-2026,toyota/rav4/suv/2019-2026,https://www.mycarusermanual.com/toyota/rav4,directly-listed-on-current-english-brand-page,data/manuals/toyota/rav4/suv/2019-2026/model-overview.md,True
toyota,Toyota,Sequoia,sequoia,suv,2001,2007,suv/2001-2007,toyota/sequoia/suv/2001-2007,https://www.mycarusermanual.com/toyota/sequoia,directly-listed-on-current-english-brand-page,data/manuals/toyota/sequoia/suv/2001-2007/model-overview.md,True
toyota,Toyota,Sequoia,sequoia,suv,2008,2022,suv/2008-2022,toyota/sequoia/suv/2008-2022,https://www.mycarusermanual.com/toyota/sequoia,directly-listed-on-current-english-brand-page,data/manuals/toyota/sequoia/suv/2008-2022/model-overview.md,True
toyota,Toyota,Sequoia,sequoia,suv,2023,2026,suv/2023-2026,toyota/sequoia/suv/2023-2026,https://www.mycarusermanual.com/toyota/sequoia,directly-listed-on-current-english-brand-page,data/manuals/toyota/sequoia/suv/2023-2026/model-overview.md,True
toyota,Toyota,Sienna,sienna,mpv,1998,2003,mpv/1998-2003,toyota/sienna/mpv/1998-2003,https://www.mycarusermanual.com/toyota/sienna,directly-listed-on-current-english-brand-page,data/manuals/toyota/sienna/mpv/1998-2003/model-overview.md,True
toyota,Toyota,Sienna,sienna,mpv,2004,2010,mpv/2004-2010,toyota/sienna/mpv/2004-2010,https://www.mycarusermanual.com/toyota/sienna,directly-listed-on-current-english-brand-page,data/manuals/toyota/sienna/mpv/2004-2010/model-overview.md,True
toyota,Toyota,Sienna,sienna,mpv,2011,2020,mpv/2011-2020,toyota/sienna/mpv/2011-2020,https://www.mycarusermanual.com/toyota/sienna,directly-listed-on-current-english-brand-page,data/manuals/toyota/sienna/mpv/2011-2020/model-overview.md,True
toyota,Toyota,Sienna,sienna,mpv,2021,2026,mpv/2021-2026,toyota/sienna/mpv/2021-2026,https://www.mycarusermanual.com/toyota/sienna,directly-listed-on-current-english-brand-page,data/manuals/toyota/sienna/mpv/2021-2026/model-overview.md,True
toyota,Toyota,Supra,supra,2-door,2020,2025,2-door/2020-2025,toyota/supra/2-door/2020-2025,https://www.mycarusermanual.com/toyota/supra,directly-listed-on-current-english-brand-page,data/manuals/toyota/supra/2-door/2020-2025/model-overview.md,True
toyota,Toyota,Tacoma,tacoma,pickup,1995,2004,pickup/1995-2004,toyota/tacoma/pickup/1995-2004,https://www.mycarusermanual.com/toyota/tacoma,directly-listed-on-current-english-brand-page,data/manuals/toyota/tacoma/pickup/1995-2004/model-overview.md,True
toyota,Toyota,Tacoma,tacoma,pickup,2005,2015,pickup/2005-2015,toyota/tacoma/pickup/2005-2015,https://www.mycarusermanual.com/toyota/tacoma,directly-listed-on-current-english-brand-page,data/manuals/toyota/tacoma/pickup/2005-2015/model-overview.md,True
toyota,Toyota,Tacoma,tacoma,pickup,2016,2023,pickup/2016-2023,toyota/tacoma/pickup/2016-2023,https://www.mycarusermanual.com/toyota/tacoma,directly-listed-on-current-english-brand-page,data/manuals/toyota/tacoma/pickup/2016-2023/model-overview.md,True
toyota,Toyota,Tacoma,tacoma,pickup,2024,2026,pickup/2024-2026,toyota/tacoma/pickup/2024-2026,https://www.mycarusermanual.com/toyota/tacoma,directly-listed-on-current-english-brand-page,data/manuals/toyota/tacoma/pickup/2024-2026/model-overview.md,True
toyota,Toyota,Tundra,tundra,pickup,2000,2006,pickup/2000-2006,toyota/tundra/pickup/2000-2006,https://www.mycarusermanual.com/toyota/tundra,directly-listed-on-current-english-brand-page,data/manuals/toyota/tundra/pickup/2000-2006/model-overview.md,True
toyota,Toyota,Tundra,tundra,pickup,2007,2021,pickup/2007-2021,toyota/tundra/pickup/2007-2021,https://www.mycarusermanual.com/toyota/tundra,directly-listed-on-current-english-brand-page,data/manuals/toyota/tundra/pickup/2007-2021/model-overview.md,True
toyota,Toyota,Tundra,tundra,pickup,2022,2026,pickup/2022-2026,toyota/tundra/pickup/2022-2026,https://www.mycarusermanual.com/toyota/tundra,directly-listed-on-current-english-brand-page,data/manuals/toyota/tundra/pickup/2022-2026/model-overview.md,True
toyota,Toyota,Yaris,yaris,4-door,1999,2005,4-door/1999-2005,toyota/yaris/4-door/1999-2005,https://www.mycarusermanual.com/toyota/yaris,directly-listed-on-current-english-brand-page,data/manuals/toyota/yaris/4-door/1999-2005/model-overview.md,True
toyota,Toyota,Yaris,yaris,4-door,2006,2011,4-door/2006-2011,toyota/yaris/4-door/2006-2011,https://www.mycarusermanual.com/toyota/yaris,directly-listed-on-current-english-brand-page,data/manuals/toyota/yaris/4-door/2006-2011/model-overview.md,True
toyota,Toyota,Yaris,yaris,4-door,2011,2020,4-door/2011-2020,toyota/yaris/4-door/2011-2020,https://www.mycarusermanual.com/toyota/yaris,directly-listed-on-current-english-brand-page,data/manuals/toyota/yaris/4-door/2011-2020/model-overview.md,True
toyota,Toyota,Yaris,yaris,4-door,2021,2026,4-door/2021-2026,toyota/yaris/4-door/2021-2026,https://www.mycarusermanual.com/toyota/yaris,directly-listed-on-current-english-brand-page,data/manuals/toyota/yaris/4-door/2021-2026/model-overview.md,True
toyota,Toyota,bZ4X,bz4x,suv,2022,2026,suv/2022-2026,toyota/bz4x/suv/2022-2026,https://www.mycarusermanual.com/toyota/bz4x,directly-listed-on-current-english-brand-page,data/manuals/toyota/bz4x/suv/2022-2026/model-overview.md,True
volvo,Volvo,XC90,xc90,suv,2002,2014,suv/2002-2014,volvo/xc90/suv/2002-2014,https://www.mycarusermanual.com/volvo/xc90,directly-listed-on-current-english-brand-page,data/manuals/volvo/xc90/suv/2002-2014/model-overview.md,True
volvo,Volvo,XC90,xc90,suv,2015,2026,suv/2015-2026,volvo/xc90/suv/2015-2026,https://www.mycarusermanual.com/volvo/xc90,directly-listed-on-current-english-brand-page,data/manuals/volvo/xc90/suv/2015-2026/model-overview.md,True
volvo,Volvo,Xc70,xc70,wagon,1997,2007,wagon/1997-2007,volvo/xc70/wagon/1997-2007,https://www.mycarusermanual.com/volvo/xc70,directly-listed-on-current-english-brand-page,data/manuals/volvo/xc70/wagon/1997-2007/model-overview.md,True
volvo,Volvo,Xc70,xc70,wagon,2008,2016,wagon/2008-2016,volvo/xc70/wagon/2008-2016,https://www.mycarusermanual.com/volvo/xc70,directly-listed-on-current-english-brand-page,data/manuals/volvo/xc70/wagon/2008-2016/model-overview.md,True
vw,Volkswagen,Amarok,amarok,pickup,2010,2022,pickup/2010-2022,vw/amarok/pickup/2010-2022,https://www.mycarusermanual.com/vw/amarok,directly-listed-on-current-english-brand-page,data/manuals/vw/amarok/pickup/2010-2022/model-overview.md,True
vw,Volkswagen,Amarok,amarok,pickup,2022,2026,pickup/2022-2026,vw/amarok/pickup/2022-2026,https://www.mycarusermanual.com/vw/amarok,directly-listed-on-current-english-brand-page,data/manuals/vw/amarok/pickup/2022-2026/model-overview.md,True
vw,Volkswagen,Arteon,arteon,4-door,2017,2024,4-door/2017-2024,vw/arteon/4-door/2017-2024,https://www.mycarusermanual.com/vw/arteon,directly-listed-on-current-english-brand-page,data/manuals/vw/arteon/4-door/2017-2024/model-overview.md,True
vw,Volkswagen,Atlas,atlas,suv,2017,2026,suv/2017-2026,vw/atlas/suv/2017-2026,https://www.mycarusermanual.com/vw/atlas,directly-listed-on-current-english-brand-page,data/manuals/vw/atlas/suv/2017-2026/model-overview.md,True
vw,Volkswagen,Beetle,beetle,2-door,2011,2019,2-door/2011-2019,vw/beetle/2-door/2011-2019,https://www.mycarusermanual.com/vw/beetle,directly-listed-on-current-english-brand-page,data/manuals/vw/beetle/2-door/2011-2019/model-overview.md,True
vw,Volkswagen,Caddy,caddy,van,2004,2015,van/2004-2015,vw/caddy/van/2004-2015,https://www.mycarusermanual.com/vw/caddy,directly-listed-on-current-english-brand-page,data/manuals/vw/caddy/van/2004-2015/model-overview.md,True
vw,Volkswagen,Caddy,caddy,van,2015,2020,van/2015-2020,vw/caddy/van/2015-2020,https://www.mycarusermanual.com/vw/caddy,directly-listed-on-current-english-brand-page,data/manuals/vw/caddy/van/2015-2020/model-overview.md,True
vw,Volkswagen,Caddy,caddy,van,2020,2026,van/2020-2026,vw/caddy/van/2020-2026,https://www.mycarusermanual.com/vw/caddy,directly-listed-on-current-english-brand-page,data/manuals/vw/caddy/van/2020-2026/model-overview.md,True
vw,Volkswagen,California,california,van,2003,2015,van/2003-2015,vw/california/van/2003-2015,https://www.mycarusermanual.com/vw/california,directly-listed-on-current-english-brand-page,data/manuals/vw/california/van/2003-2015/model-overview.md,True
vw,Volkswagen,California,california,van,2015,2024,van/2015-2024,vw/california/van/2015-2024,https://www.mycarusermanual.com/vw/california,directly-listed-on-current-english-brand-page,data/manuals/vw/california/van/2015-2024/model-overview.md,True
vw,Volkswagen,California,california,van,2024,2026,van/2024-2026,vw/california/van/2024-2026,https://www.mycarusermanual.com/vw/california,directly-listed-on-current-english-brand-page,data/manuals/vw/california/van/2024-2026/model-overview.md,True
vw,Volkswagen,Caravelle,caravelle,van,2003,2015,van/2003-2015,vw/caravelle/van/2003-2015,https://www.mycarusermanual.com/vw/caravelle,directly-listed-on-current-english-brand-page,data/manuals/vw/caravelle/van/2003-2015/model-overview.md,True
vw,Volkswagen,Caravelle,caravelle,van,2015,2024,van/2015-2024,vw/caravelle/van/2015-2024,https://www.mycarusermanual.com/vw/caravelle,directly-listed-on-current-english-brand-page,data/manuals/vw/caravelle/van/2015-2024/model-overview.md,True
vw,Volkswagen,Cc,cc,4-door,2008,2017,4-door/2008-2017,vw/cc/4-door/2008-2017,https://www.mycarusermanual.com/vw/cc,directly-listed-on-current-english-brand-page,data/manuals/vw/cc/4-door/2008-2017/model-overview.md,True
vw,Volkswagen,Crafter,crafter,van,2006,2016,van/2006-2016,vw/crafter/van/2006-2016,https://www.mycarusermanual.com/vw/crafter,directly-listed-on-current-english-brand-page,data/manuals/vw/crafter/van/2006-2016/model-overview.md,True
vw,Volkswagen,Crafter,crafter,van,2017,2026,van/2017-2026,vw/crafter/van/2017-2026,https://www.mycarusermanual.com/vw/crafter,directly-listed-on-current-english-brand-page,data/manuals/vw/crafter/van/2017-2026/model-overview.md,True
vw,Volkswagen,Derby,derby,2-door,1977,1985,2-door/1977-1985,vw/derby/2-door/1977-1985,https://www.mycarusermanual.com/vw/derby,directly-listed-on-current-english-brand-page,data/manuals/vw/derby/2-door/1977-1985/model-overview.md,True
vw,Volkswagen,E Golf,e-golf,4-door,2014,2020,4-door/2014-2020,vw/e-golf/4-door/2014-2020,https://www.mycarusermanual.com/vw/e-golf,directly-listed-on-current-english-brand-page,data/manuals/vw/e-golf/4-door/2014-2020/model-overview.md,True
vw,Volkswagen,Fox,fox,4-door,2003,2021,4-door/2003-2021,vw/fox/4-door/2003-2021,https://www.mycarusermanual.com/vw/fox,directly-listed-on-current-english-brand-page,data/manuals/vw/fox/4-door/2003-2021/model-overview.md,True
vw,Volkswagen,Gol,gol,4-door,2000,2008,4-door/2000-2008,vw/gol/4-door/2000-2008,https://www.mycarusermanual.com/vw/gol,directly-listed-on-current-english-brand-page,data/manuals/vw/gol/4-door/2000-2008/model-overview.md,True
vw,Volkswagen,Gol,gol,4-door,2008,2023,4-door/2008-2023,vw/gol/4-door/2008-2023,https://www.mycarusermanual.com/vw/gol,directly-listed-on-current-english-brand-page,data/manuals/vw/gol/4-door/2008-2023/model-overview.md,True
vw,Volkswagen,Golf,golf,4-door,2003,2008,4-door/2003-2008,vw/golf/4-door/2003-2008,https://www.mycarusermanual.com/vw/golf,directly-listed-on-current-english-brand-page,data/manuals/vw/golf/4-door/2003-2008/model-overview.md,True
vw,Volkswagen,Golf,golf,4-door,2008,2017,4-door/2008-2017,vw/golf/4-door/2008-2017,https://www.mycarusermanual.com/vw/golf,directly-listed-on-current-english-brand-page,data/manuals/vw/golf/4-door/2008-2017/model-overview.md,True
vw,Volkswagen,Golf,golf,4-door,2017,2020,4-door/2017-2020,vw/golf/4-door/2017-2020,https://www.mycarusermanual.com/vw/golf,directly-listed-on-current-english-brand-page,data/manuals/vw/golf/4-door/2017-2020/model-overview.md,True
vw,Volkswagen,Golf,golf,4-door,2019,2025,4-door/2019-2025,vw/golf/4-door/2019-2025,https://www.mycarusermanual.com/vw/golf,directly-listed-on-current-english-brand-page,data/manuals/vw/golf/4-door/2019-2025/model-overview.md,True
vw,Volkswagen,ID. Buzz,id-buzz,van,2022,2026,van/2022-2026,vw/id-buzz/van/2022-2026,https://www.mycarusermanual.com/vw/id-buzz,directly-listed-on-current-english-brand-page,data/manuals/vw/id-buzz/van/2022-2026/model-overview.md,True
vw,Volkswagen,ID. Buzz Cargo,id-buzz-cargo,van,2022,2026,van/2022-2026,vw/id-buzz-cargo/van/2022-2026,https://www.mycarusermanual.com/vw/id-buzz-cargo,directly-listed-on-current-english-brand-page,data/manuals/vw/id-buzz-cargo/van/2022-2026/model-overview.md,True
vw,Volkswagen,ID.3,id3,4-door,2019,2026,4-door/2019-2026,vw/id3/4-door/2019-2026,https://www.mycarusermanual.com/vw/id3,directly-listed-on-current-english-brand-page,data/manuals/vw/id3/4-door/2019-2026/model-overview.md,True
vw,Volkswagen,ID.4,id4,suv,2020,2026,suv/2020-2026,vw/id4/suv/2020-2026,https://www.mycarusermanual.com/vw/id4,directly-listed-on-current-english-brand-page,data/manuals/vw/id4/suv/2020-2026/model-overview.md,True
vw,Volkswagen,ID.5,id5,suv,2021,2026,suv/2021-2026,vw/id5/suv/2021-2026,https://www.mycarusermanual.com/vw/id5,directly-listed-on-current-english-brand-page,data/manuals/vw/id5/suv/2021-2026/model-overview.md,True
vw,Volkswagen,ID.6,id6,suv,2021,2026,suv/2021-2026,vw/id6/suv/2021-2026,https://www.mycarusermanual.com/vw/id6,directly-listed-on-current-english-brand-page,data/manuals/vw/id6/suv/2021-2026/model-overview.md,True
vw,Volkswagen,ID.7,id7,4-door,2023,2026,4-door/2023-2026,vw/id7/4-door/2023-2026,https://www.mycarusermanual.com/vw/id7,directly-listed-on-current-english-brand-page,data/manuals/vw/id7/4-door/2023-2026/model-overview.md,True
vw,Volkswagen,Jetta,jetta,4-door,1999,2005,4-door/1999-2005,vw/jetta/4-door/1999-2005,https://www.mycarusermanual.com/vw/jetta,directly-listed-on-current-english-brand-page,data/manuals/vw/jetta/4-door/1999-2005/model-overview.md,True
vw,Volkswagen,Jetta,jetta,4-door,2005,2010,4-door/2005-2010,vw/jetta/4-door/2005-2010,https://www.mycarusermanual.com/vw/jetta,directly-listed-on-current-english-brand-page,data/manuals/vw/jetta/4-door/2005-2010/model-overview.md,True
vw,Volkswagen,Jetta,jetta,4-door,2010,2018,4-door/2010-2018,vw/jetta/4-door/2010-2018,https://www.mycarusermanual.com/vw/jetta,directly-listed-on-current-english-brand-page,data/manuals/vw/jetta/4-door/2010-2018/model-overview.md,True
vw,Volkswagen,Jetta,jetta,4-door,2018,2026,4-door/2018-2026,vw/jetta/4-door/2018-2026,https://www.mycarusermanual.com/vw/jetta,directly-listed-on-current-english-brand-page,data/manuals/vw/jetta/4-door/2018-2026/model-overview.md,True
vw,Volkswagen,LT,lt,van,1996,2006,van/1996-2006,vw/lt/van/1996-2006,https://www.mycarusermanual.com/vw/lt,directly-listed-on-current-english-brand-page,data/manuals/vw/lt/van/1996-2006/model-overview.md,True
vw,Volkswagen,Lamando,lamando,4-door,2014,2022,4-door/2014-2022,vw/lamando/4-door/2014-2022,https://www.mycarusermanual.com/vw/lamando,directly-listed-on-current-english-brand-page,data/manuals/vw/lamando/4-door/2014-2022/model-overview.md,True
vw,Volkswagen,Lamando,lamando,4-door,2022,2026,4-door/2022-2026,vw/lamando/4-door/2022-2026,https://www.mycarusermanual.com/vw/lamando,directly-listed-on-current-english-brand-page,data/manuals/vw/lamando/4-door/2022-2026/model-overview.md,True
vw,Volkswagen,Lavida,lavida,4-door,2008,2012,4-door/2008-2012,vw/lavida/4-door/2008-2012,https://www.mycarusermanual.com/vw/lavida,directly-listed-on-current-english-brand-page,data/manuals/vw/lavida/4-door/2008-2012/model-overview.md,True
vw,Volkswagen,Lavida,lavida,4-door,2012,2018,4-door/2012-2018,vw/lavida/4-door/2012-2018,https://www.mycarusermanual.com/vw/lavida,directly-listed-on-current-english-brand-page,data/manuals/vw/lavida/4-door/2012-2018/model-overview.md,True
vw,Volkswagen,Lavida,lavida,4-door,2018,2026,4-door/2018-2026,vw/lavida/4-door/2018-2026,https://www.mycarusermanual.com/vw/lavida,directly-listed-on-current-english-brand-page,data/manuals/vw/lavida/4-door/2018-2026/model-overview.md,True
vw,Volkswagen,Lupo,lupo,3-door,1998,2005,3-door/1998-2005,vw/lupo/3-door/1998-2005,https://www.mycarusermanual.com/vw/lupo,directly-listed-on-current-english-brand-page,data/manuals/vw/lupo/3-door/1998-2005/model-overview.md,True
vw,Volkswagen,Magotan,magotan,4-door,2007,2016,4-door/2007-2016,vw/magotan/4-door/2007-2016,https://www.mycarusermanual.com/vw/magotan,directly-listed-on-current-english-brand-page,data/manuals/vw/magotan/4-door/2007-2016/model-overview.md,True
vw,Volkswagen,Magotan,magotan,4-door,2016,2026,4-door/2016-2026,vw/magotan/4-door/2016-2026,https://www.mycarusermanual.com/vw/magotan,directly-listed-on-current-english-brand-page,data/manuals/vw/magotan/4-door/2016-2026/model-overview.md,True
vw,Volkswagen,Multivan,multivan,van,2003,2015,van/2003-2015,vw/multivan/van/2003-2015,https://www.mycarusermanual.com/vw/multivan,directly-listed-on-current-english-brand-page,data/manuals/vw/multivan/van/2003-2015/model-overview.md,True
vw,Volkswagen,Multivan,multivan,van,2015,2024,van/2015-2024,vw/multivan/van/2015-2024,https://www.mycarusermanual.com/vw/multivan,directly-listed-on-current-english-brand-page,data/manuals/vw/multivan/van/2015-2024/model-overview.md,True
vw,Volkswagen,Multivan,multivan,van,2024,2026,van/2024-2026,vw/multivan/van/2024-2026,https://www.mycarusermanual.com/vw/multivan,directly-listed-on-current-english-brand-page,data/manuals/vw/multivan/van/2024-2026/model-overview.md,True
vw,Volkswagen,Parati,parati,wagon,1996,2012,wagon/1996-2012,vw/parati/wagon/1996-2012,https://www.mycarusermanual.com/vw/parati,directly-listed-on-current-english-brand-page,data/manuals/vw/parati/wagon/1996-2012/model-overview.md,True
vw,Volkswagen,Passat,passat,4-door,2000,2005,4-door/2000-2005,vw/passat/4-door/2000-2005,https://www.mycarusermanual.com/vw/passat,directly-listed-on-current-english-brand-page,data/manuals/vw/passat/4-door/2000-2005/model-overview.md,True
vw,Volkswagen,Passat,passat,4-door,2005,2010,4-door/2005-2010,vw/passat/4-door/2005-2010,https://www.mycarusermanual.com/vw/passat,directly-listed-on-current-english-brand-page,data/manuals/vw/passat/4-door/2005-2010/model-overview.md,True
vw,Volkswagen,Passat,passat,4-door,2010,2014,4-door/2010-2014,vw/passat/4-door/2010-2014,https://www.mycarusermanual.com/vw/passat,directly-listed-on-current-english-brand-page,data/manuals/vw/passat/4-door/2010-2014/model-overview.md,True
vw,Volkswagen,Passat,passat,4-door,2014,2023,4-door/2014-2023,vw/passat/4-door/2014-2023,https://www.mycarusermanual.com/vw/passat,directly-listed-on-current-english-brand-page,data/manuals/vw/passat/4-door/2014-2023/model-overview.md,True
vw,Volkswagen,Passat,passat,4-door,2023,2026,4-door/2023-2026,vw/passat/4-door/2023-2026,https://www.mycarusermanual.com/vw/passat,directly-listed-on-current-english-brand-page,data/manuals/vw/passat/4-door/2023-2026/model-overview.md,True
vw,Volkswagen,Phaeton,phaeton,4-door,2002,2016,4-door/2002-2016,vw/phaeton/4-door/2002-2016,https://www.mycarusermanual.com/vw/phaeton,directly-listed-on-current-english-brand-page,data/manuals/vw/phaeton/4-door/2002-2016/model-overview.md,True
vw,Volkswagen,Phideon,phideon,4-door,2016,2023,4-door/2016-2023,vw/phideon/4-door/2016-2023,https://www.mycarusermanual.com/vw/phideon,directly-listed-on-current-english-brand-page,data/manuals/vw/phideon/4-door/2016-2023/model-overview.md,True
vw,Volkswagen,Polo,polo,4-door,2001,2009,4-door/2001-2009,vw/polo/4-door/2001-2009,https://www.mycarusermanual.com/vw/polo,directly-listed-on-current-english-brand-page,data/manuals/vw/polo/4-door/2001-2009/model-overview.md,True
vw,Volkswagen,Polo,polo,4-door,2009,2017,4-door/2009-2017,vw/polo/4-door/2009-2017,https://www.mycarusermanual.com/vw/polo,directly-listed-on-current-english-brand-page,data/manuals/vw/polo/4-door/2009-2017/model-overview.md,True
vw,Volkswagen,Polo,polo,4-door,2017,2026,4-door/2017-2026,vw/polo/4-door/2017-2026,https://www.mycarusermanual.com/vw/polo,directly-listed-on-current-english-brand-page,data/manuals/vw/polo/4-door/2017-2026/model-overview.md,True
vw,Volkswagen,Routan,routan,mpv,2009,2014,mpv/2009-2014,vw/routan/mpv/2009-2014,https://www.mycarusermanual.com/vw/routan,directly-listed-on-current-english-brand-page,data/manuals/vw/routan/mpv/2009-2014/model-overview.md,True
vw,Volkswagen,Santana,santana,4-door,1981,2012,4-door/1981-2012,vw/santana/4-door/1981-2012,https://www.mycarusermanual.com/vw/santana,directly-listed-on-current-english-brand-page,data/manuals/vw/santana/4-door/1981-2012/model-overview.md,True
vw,Volkswagen,Saveiro,saveiro,pickup,2009,2026,pickup/2009-2026,vw/saveiro/pickup/2009-2026,https://www.mycarusermanual.com/vw/saveiro,directly-listed-on-current-english-brand-page,data/manuals/vw/saveiro/pickup/2009-2026/model-overview.md,True
vw,Volkswagen,Scirocco,scirocco,3-door,2008,2017,3-door/2008-2017,vw/scirocco/3-door/2008-2017,https://www.mycarusermanual.com/vw/scirocco,directly-listed-on-current-english-brand-page,data/manuals/vw/scirocco/3-door/2008-2017/model-overview.md,True
vw,Volkswagen,Sharan,sharan,mpv,1995,2010,mpv/1995-2010,vw/sharan/mpv/1995-2010,https://www.mycarusermanual.com/vw/sharan,directly-listed-on-current-english-brand-page,data/manuals/vw/sharan/mpv/1995-2010/model-overview.md,True
vw,Volkswagen,Sharan,sharan,mpv,2010,2022,mpv/2010-2022,vw/sharan/mpv/2010-2022,https://www.mycarusermanual.com/vw/sharan,directly-listed-on-current-english-brand-page,data/manuals/vw/sharan/mpv/2010-2022/model-overview.md,True
vw,Volkswagen,T Cross,t-cross,suv,2018,2026,suv/2018-2026,vw/t-cross/suv/2018-2026,https://www.mycarusermanual.com/vw/t-cross,directly-listed-on-current-english-brand-page,data/manuals/vw/t-cross/suv/2018-2026/model-overview.md,True
vw,Volkswagen,T-Roc,t-roc,suv,2017,2026,suv/2017-2026,vw/t-roc/suv/2017-2026,https://www.mycarusermanual.com/vw/t-roc,directly-listed-on-current-english-brand-page,data/manuals/vw/t-roc/suv/2017-2026/model-overview.md,True
vw,Volkswagen,T1,t1,van,1950,1967,van/1950-1967,vw/t1/van/1950-1967,https://www.mycarusermanual.com/vw/t1,directly-listed-on-current-english-brand-page,data/manuals/vw/t1/van/1950-1967/model-overview.md,True
vw,Volkswagen,T2,t2,van,1967,1979,van/1967-1979,vw/t2/van/1967-1979,https://www.mycarusermanual.com/vw/t2,directly-listed-on-current-english-brand-page,data/manuals/vw/t2/van/1967-1979/model-overview.md,True
vw,Volkswagen,T3,t3,van,1979,1992,van/1979-1992,vw/t3/van/1979-1992,https://www.mycarusermanual.com/vw/t3,directly-listed-on-current-english-brand-page,data/manuals/vw/t3/van/1979-1992/model-overview.md,True
vw,Volkswagen,T4,t4,van,1990,2003,van/1990-2003,vw/t4/van/1990-2003,https://www.mycarusermanual.com/vw/t4,directly-listed-on-current-english-brand-page,data/manuals/vw/t4/van/1990-2003/model-overview.md,True
vw,Volkswagen,T5,t5,van,2003,2015,van/2003-2015,vw/t5/van/2003-2015,https://www.mycarusermanual.com/vw/t5,directly-listed-on-current-english-brand-page,data/manuals/vw/t5/van/2003-2015/model-overview.md,True
vw,Volkswagen,T6,t6,van,2015,2024,van/2015-2024,vw/t6/van/2015-2024,https://www.mycarusermanual.com/vw/t6,directly-listed-on-current-english-brand-page,data/manuals/vw/t6/van/2015-2024/model-overview.md,True
vw,Volkswagen,T7,t7,van,2021,2026,van/2021-2026,vw/t7/van/2021-2026,https://www.mycarusermanual.com/vw/t7,directly-listed-on-current-english-brand-page,data/manuals/vw/t7/van/2021-2026/model-overview.md,True
vw,Volkswagen,Taigo,taigo,suv,2020,2026,suv/2020-2026,vw/taigo/suv/2020-2026,https://www.mycarusermanual.com/vw/taigo,directly-listed-on-current-english-brand-page,data/manuals/vw/taigo/suv/2020-2026/model-overview.md,True
vw,Volkswagen,Taos,taos,suv,2020,2026,suv/2020-2026,vw/taos/suv/2020-2026,https://www.mycarusermanual.com/vw/taos,directly-listed-on-current-english-brand-page,data/manuals/vw/taos/suv/2020-2026/model-overview.md,True
vw,Volkswagen,Tayron,tayron,suv,2018,2026,suv/2018-2026,vw/tayron/suv/2018-2026,https://www.mycarusermanual.com/vw/tayron,directly-listed-on-current-english-brand-page,data/manuals/vw/tayron/suv/2018-2026/model-overview.md,True
vw,Volkswagen,Tiguan,tiguan,suv,2007,2016,suv/2007-2016,vw/tiguan/suv/2007-2016,https://www.mycarusermanual.com/vw/tiguan,directly-listed-on-current-english-brand-page,data/manuals/vw/tiguan/suv/2007-2016/model-overview.md,True
vw,Volkswagen,Tiguan,tiguan,suv,2016,2024,suv/2016-2024,vw/tiguan/suv/2016-2024,https://www.mycarusermanual.com/vw/tiguan,directly-listed-on-current-english-brand-page,data/manuals/vw/tiguan/suv/2016-2024/model-overview.md,True
vw,Volkswagen,Tiguan,tiguan,suv,2024,2026,suv/2024-2026,vw/tiguan/suv/2024-2026,https://www.mycarusermanual.com/vw/tiguan,directly-listed-on-current-english-brand-page,data/manuals/vw/tiguan/suv/2024-2026/model-overview.md,True
vw,Volkswagen,Touareg,touareg,suv,2002,2010,suv/2002-2010,vw/touareg/suv/2002-2010,https://www.mycarusermanual.com/vw/touareg,directly-listed-on-current-english-brand-page,data/manuals/vw/touareg/suv/2002-2010/model-overview.md,True
vw,Volkswagen,Touareg,touareg,suv,2010,2018,suv/2010-2018,vw/touareg/suv/2010-2018,https://www.mycarusermanual.com/vw/touareg,directly-listed-on-current-english-brand-page,data/manuals/vw/touareg/suv/2010-2018/model-overview.md,True
vw,Volkswagen,Touareg,touareg,suv,2018,2026,suv/2018-2026,vw/touareg/suv/2018-2026,https://www.mycarusermanual.com/vw/touareg,directly-listed-on-current-english-brand-page,data/manuals/vw/touareg/suv/2018-2026/model-overview.md,True
vw,Volkswagen,Touran,touran,mpv,2003,2015,mpv/2003-2015,vw/touran/mpv/2003-2015,https://www.mycarusermanual.com/vw/touran,directly-listed-on-current-english-brand-page,data/manuals/vw/touran/mpv/2003-2015/model-overview.md,True
vw,Volkswagen,Touran,touran,mpv,2015,2026,mpv/2015-2026,vw/touran/mpv/2015-2026,https://www.mycarusermanual.com/vw/touran,directly-listed-on-current-english-brand-page,data/manuals/vw/touran/mpv/2015-2026/model-overview.md,True
vw,Volkswagen,Transporter,transporter,van,2003,2015,van/2003-2015,vw/transporter/van/2003-2015,https://www.mycarusermanual.com/vw/transporter,directly-listed-on-current-english-brand-page,data/manuals/vw/transporter/van/2003-2015/model-overview.md,True
vw,Volkswagen,Transporter,transporter,van,2015,2024,van/2015-2024,vw/transporter/van/2015-2024,https://www.mycarusermanual.com/vw/transporter,directly-listed-on-current-english-brand-page,data/manuals/vw/transporter/van/2015-2024/model-overview.md,True
vw,Volkswagen,Up,up,4-door,2011,2023,4-door/2011-2023,vw/up/4-door/2011-2023,https://www.mycarusermanual.com/vw/up,directly-listed-on-current-english-brand-page,data/manuals/vw/up/4-door/2011-2023/model-overview.md,True
vw,Volkswagen,Vento,vento,4-door,2010,2022,4-door/2010-2022,vw/vento/4-door/2010-2022,https://www.mycarusermanual.com/vw/vento,directly-listed-on-current-english-brand-page,data/manuals/vw/vento/4-door/2010-2022/model-overview.md,True
vw,Volkswagen,Virtus,virtus,4-door,2018,2023,4-door/2018-2023,vw/virtus/4-door/2018-2023,https://www.mycarusermanual.com/vw/virtus,directly-listed-on-current-english-brand-page,data/manuals/vw/virtus/4-door/2018-2023/model-overview.md,True
